method,mean_rmse,median_rmse,mean_top_decile_mass
oracle,109.62556044705399,109.92001231191671,0.3044723103159839
online,113.81441619473004,113.53573097396446,0.23220413303708828
static_tass,117.38530163995944,115.977230844758,0.24634329094437898
uniform,132.98608383890385,133.41991894598564,0.1
