epoch,online_vs_uniform_rmse_reduction_pct,online_vs_static_rmse_reduction_pct,online_oracle_gap_pct
0,91.46526016425176,-0.4936953858332969,18.01221766611421
1,60.52421879225878,43.39384580043214,602.9267297427754
2,73.76262915484703,86.5729205206088,177.63451048023222
